title,name,target,count,book,level,period,satisfaction
EBS 중학 뉴런 수학2(하),손석민 선생님,2학년,"194,806명",EBS 중학 뉴런 수학2 (하),중급,350일,99%
EBS 중학 뉴런 수학1(하),이지연 선생님,1학년,"232,102명",EBS 중학 뉴런 수학1(하),중급,350일,99%
EBS 수학의 답,"이지연, 손석민 선생님",공통,"324,869명",수학의 답 중학 수학 1외 2권,공통,365일,99%
EBS 중학 뉴런 수학1(상),이지연 선생님,1학년,"481,279명",EBS 중학 뉴런 수학1(상),중급,336일,99%
[기본] EBS 중학 뉴런 수학2(하) (개념편),서채은 선생님,2학년,"48,372명",EBS 중학 뉴런 수학2 (하),중급,203일,99%
EBS 중학 뉴런 수학3(하),손석민 선생님,3학년,"120,578명",EBS 중학 뉴런 수학3 (하),중급,350일,99%
EBS 중학 뉴런 수학2(상),손석민 선생님,2학년,"316,280명",EBS 중학 뉴런 수학2 (상),중급,336일,99%
[기본] EBS 중학 뉴런 수학1(하) (개념편),최은정 선생님,1학년,"52,161명",EBS 중학 뉴런 수학1(하),중급,84일,99%
[기본] EBS 중학 뉴런 수학1(상) (개념편),최은정 선생님,1학년,"135,709명",EBS 중학 뉴런 수학1(상),중급,77일,100%
EBS 중학 신입생 예비과정 수학,서채은 선생님,1학년,"48,218명",EBS 중학 신입생 예비과정 수학,중급,105일,98%
[기본] EBS 중학 뉴런 수학3(상) (개념편),손석민 선생님,3학년,"100,584명",EBS 중학 뉴런 수학3 (상),중급,175일,99%
[기본] EBS 중학 뉴런 수학3(하) (개념편),손석민 선생님,3학년,"48,904명",EBS 중학 뉴런 수학3 (하),중급,151일,100%
[기본] EBS 중학 뉴런 수학2(상) (개념편),서채은 선생님,2학년,"93,469명",EBS 중학 뉴런 수학2 (상),중급,151일,99%
EBS 중학 뉴런 수학3(상),채지영 선생님,3학년,"229,829명",EBS 중학 뉴런 수학3 (상),중급,350일,99%
[발전] EBS 중학 뉴런 수학1(하),손석민 선생님,1학년,"12,248명",EBS 중학 뉴런 수학1(하),고급,158일,99%
한 장 수학 1(상),양진아 선생님,1학년,"101,275명",EBS 중학 한장수학1 (상),초급,105일,98%
한 장 수학 1(하),양진아 선생님,1학년,"42,243명",EBS 중학 한장수학1 (하),입문,105일,99%
[발전] EBS 중학 뉴런 수학1(상),손석민 선생님,1학년,"22,772명",EBS 중학 뉴런 수학1(상),고급,158일,99%
EBS 중학 신입생 예비과정 수학,이지연 선생님,1학년,"269,274명",EBS 중학 신입생 예비과정 수학,공통,35일,99%
중학 수학 마스터 개념 1-1,김구 선생님,1학년,"16,377명",EBS 중학 수학 마스터 개념(알파) 1..,중급,365일,98%
[고등예비과정] 수학,박자영 선생님,3학년,"63,753명",EBS 고등 예비과정 수학,입문,56일,99%
한 장 수학2(하),서채은 선생님,2학년,"32,253명",EBS 중학 한장수학 2(하),초급,105일,100%
중학 수학 내신대비 기출문제집 2-2 기말고사,손석민 선생님,2학년,"1,385명",2023 중학 수학 내신 대비 기출문제집 2-2 기말고..,중급,98일,100%
중학 수학 마스터 개념 1-2,김구 선생님,1학년,"6,924명",EBS 중학 수학 마스터 개념(알파) 1..,중급,365일,99%
EBS 중학 뉴런 고난도 수학1(하),서채은 선생님,1학년,"5,134명",뉴런 고난도 수학 1(하),고급,105일,100%
중학 수학 마스터 개념 2-2,변창현 선생님,2학년,"6,647명",EBS 중학 수학 마스터 개념(알파) 2-2,중급,365일,96%
[발전] EBS 중학 뉴런 수학2(하),변창현 선생님,2학년,"9,842명",EBS 중학 뉴런 수학2 (하),고급,158일,100%
EBS 중학 뉴런 고난도 수학2(하),김구 선생님,2학년,"4,814명",뉴런 고난도 수학 2(하),고급,105일,100%
중학 수학 마스터 개념 2-1,변창현 선생님,2학년,"13,056명",EBS 중학 수학 마스터 개념(알파) 2..,중급,365일,100%
중학 수학 마스터 고난도 2-2,서채은 선생님,2학년,"1,673명",EBS 중학 수학 마스터 고난도 Σ(시그마..,고급,70일,100%
EBS 중학 뉴런 고난도 수학1(상),서채은 선생님,1학년,"7,011명",뉴런 고난도 수학 1(상),고급,112일,97%
중학 수학 내신대비 기출문제집 1-2 기말고사,최은정 선생님,1학년,838명,2023 중학 수학 내신 대비 기출문제집 1-2 기말고..,중급,300일,100%
[30일 수학] (1) 수와 연산! 우리의 18일♥,박자영 선생님,3학년,"8,199명",EBS 중학 30일 수학(상),입문,66일,0%
한 장 수학2(상),서채은 선생님,2학년,"69,585명",EBS 중학 한장수학 2(상),초급,105일,99%
[2주 라이브 특강] 중1- 수학,최은정 선생님,1학년,"79,851명",EBS 중학 뉴런 수학1(상),공통,28일,99%
EBS 중학 뉴런 고난도 수학3(하),서영란 선생님,3학년,"5,321명",뉴런 고난도 수학 3(하),고급,105일,99%
[기본] EBS 중학 뉴런 수학1(하) (문제편),최은정 선생님,1학년,"9,263명",EBS 중학 뉴런 수학1(하),중급,161일,96%
중학 수학 마스터 유형 1-1,최은정 선생님,1학년,"7,093명",EBS 중학 수학 마스터 유형(베타) 1-1,중급,365일,100%
중학 수학 마스터 고난도 1-2,최은정 선생님,1학년,"1,446명",EBS 중학 수학 마스터 고난도 Σ(시그마) 1-2,고급,70일,100%
중학 수학 개념 끝장내기 - 함수,손석민 선생님,공통,"76,197명",EBS 강의노트 중학 수학 개념 끝장내기 - 함수,공통,42일,98%
중학 수학 마스터 개념 3-1,김민재 선생님,3학년,"10,314명",EBS 중학 수학 마스터 개념(알파) 3..,중급,365일,100%
중학 수학 마스터 연산 1-1,손석민 선생님,1학년,"3,485명",EBS 중학 수학 마스터 연산 ε(엡실론) 1-1,입문,365일,100%
수학의 답 플러스,"이지연, 손석민 선생님",공통,"5,896명",교재없음,공통,365일,100%
중학 수학 개념 끝장내기 - 기하,손석민 선생님,공통,"43,627명",EBS 강의노트 중학 수학 개념 끝장내기 - 기하,중급,105일,100%
[기본] EBS 중학 뉴런 수학2(하) (문제편),서채은 선생님,2학년,"12,452명",EBS 중학 뉴런 수학2 (하),중급,42일,98%
중학 수능특강 수학1,서채은 선생님,공통,"4,068명",중학 수능특강 수학 1,중급,70일,100%
중학 수학 마스터 개념 3-2,김민재 선생님,3학년,"5,952명",EBS 중학 수학 마스터 개념(알파) 3..,중급,365일,100%
한 장 수학3(상) (2020),최은정 선생님,3학년,"48,168명",EBS 중학 한장수학3 (상),초급,196일,100%
중학 수학 마스터 연산 1-2,손석민 선생님,1학년,"1,469명",EBS 중학 수학 마스터 연산 ε(엡실론)..,입문,365일,100%
[2주면 끝] 중학수학 끝장내기: 수학 - 중학수학,서지나 선생님,3학년,"15,427명",교재없음,입문,38일,0%
[기본] EBS 중학 뉴런 수학1(상) (문제편),최은정 선생님,1학년,"22,922명",EBS 중학 뉴런 수학1(상),중급,168일,100%
한 장 수학3(하) (2020),손석민 선생님,3학년,"19,585명",EBS 중학 한장수학3 (하),초급,196일,98%
[발전] EBS 중학 뉴런 수학3(상),김구 선생님,3학년,"10,173명",EBS 중학 뉴런 수학3 (상),고급,158일,99%
중학 수학 내신대비 기출문제집 1-2 중간고사,최은정 선생님,1학년,"1,275명",2023 중학 수학 내신 대비 기출문제집 1-2 중간고..,중급,98일,100%
[발전] EBS 중학 뉴런 수학2(상),변창현 선생님,2학년,"14,786명",EBS 중학 뉴런 수학2 (상),고급,158일,99%
중학 수학 마스터 유형 2-1,서채은 선생님,2학년,"6,553명",EBS 중학 수학 마스터 유형(베타) 2-1,중급,365일,100%
중학 수학 마스터 유형 1-2,최은정 선생님,1학년,"3,438명",EBS 중학 수학 마스터 유형(베타) 1-2,중급,365일,100%
[기본] EBS 중학 뉴런 수학3(하) (문제편),손석민 선생님,3학년,"9,962명",EBS 중학 뉴런 수학3 (하),중급,95일,94%
중학 수학 개념 끝장내기 - 확률과 통계,배수경 선생님,공통,"36,749명",EBS 강의노트 중학 수학 개념 끝장내기 - 확률과 통..,중급,35일,97%
중학 수능특강 수학3,서영란 선생님,공통,"2,446명",중학 수능특강 수학 3,중급,70일,100%
중학 수학 마스터 유형 2-2,서채은 선생님,2학년,"2,539명",EBS 중학 수학 마스터 유형(베타) 2-2,중급,365일,93%
EBS 중학 수학 ⓜ포스 마스터편1(하),손석민 선생님,1학년,"6,563명",EBS 중학 m포스 마스터편 1 (하),중상,280일,97%
[발전] EBS 중학 뉴런 수학3(하),김구 선생님,3학년,"6,304명",EBS 중학 뉴런 수학3 (하),고급,158일,100%
EBS 중학 뉴런 고난도 수학3(상),서영란 선생님,3학년,"6,708명",뉴런 고난도 수학 3(상),고급,112일,100%
중학 수학 개념 끝장내기 - 수와 연산,손석민 선생님,"1학년, 2학년, 3학년","65,129명",EBS 강의노트 중학 수학 개념 끝장내기 - 수와 연산,중급,105일,99%
중학 수학 마스터 연산 2-1,변창현 선생님,2학년,"1,751명",EBS 중학 수학 마스터 연산 ε(엡실론) 2-1,입문,365일,100%
[기본] EBS 중학 뉴런 수학3(상) (문제편),손석민 선생님,3학년,"20,298명",EBS 중학 뉴런 수학3 (상),중급,70일,84%
중학 수학 내신대비 기출문제집 2-2 중간고사,손석민 선생님,2학년,"1,760명",2023 중학 수학 내신 대비 기출문제집 2-2 중간고..,중급,98일,100%
중학 수학 마스터 연산 2-2,변창현 선생님,2학년,895명,EBS 중학 수학 마스터 연산 ε(엡실론)..,입문,126일,0%
중학 수학 개념 끝장내기 - 문자와 식,배수경 선생님,공통,"56,456명",EBS 강의노트 중학 수학 개념 끝장내기 - 문자와 식,공통,77일,99%
[2주 라이브 특강] 중2- 수학,손석민 선생님,2학년,"57,588명",EBS 중학 뉴런 수학2 (상),공통,28일,100%
중학 수학 마스터 고난도 3-2,서영란 선생님,3학년,866명,EBS 중학 수학 마스터 고난도 Σ(시그마..,고급,70일,0%
중3고1 징검다리 수학,전미정 선생님,3학년,"18,361명",EBS 중3 고1 징검다리 수학,고급,56일,99%
[2주면 끝] 한 눈에 그려지는 개념한판쓰기: 고1 수학,정유빈 선생님,3학년,"4,862명",교재없음,입문,38일,0%
EBS 중학 뉴런 고난도 수학2(상),김구 선생님,2학년,"4,674명",뉴런 고난도 수학 2(상),고급,112일,100%
중학 수학 마스터 고난도 1-1,최은정 선생님,1학년,"1,847명",EBS 중학 수학 마스터 고난도 Σ(시그마) 1-1,고급,365일,98%
[30일 수학] (2) 문자와 식! 우리의 9일♥,박자영 선생님,3학년,"4,646명",EBS 중학 30일 수학(상),입문,32일,0%
중학 수능특강 수학 1-개념&필수 유형 문제풀이,서채은 선생님,1학년,131명,중학 수능특강 수학 1,공통,365일,100%
[2주면 끝] 고교 미리보기 : 10일의 기적 프로젝트,박자영 선생님,3학년,"3,547명",교재없음,입문,38일,0%
배움 플러스 - 수학,천태선 선생님,공통,"30,749명",교재없음,초급,112일,99%
중학 수능특강 수학2,김구 선생님,공통,"2,353명",중학 수능특강 수학 2,중급,70일,100%
중학 수학 마스터 유형 3-1,서지나 선생님,3학년,"3,798명",EBS 중학 수학 마스터 유형(베타) 3-1,중급,365일,89%
[2주 라이브 특강] 중3- 수학,"채지영, 서채은 선생님",3학년,"49,022명",EBS 중학 뉴런 수학3 (상),공통,28일,99%
중학 수학 내신대비 기출문제집 1-1 중간고사,최은정 선생님,1학년,"1,630명",2023 중학 수학 내신 대비 기출문제집 1-1 중간고..,중급,365일,100%
중학 수학 마스터 개념 α(알파) 3-2 : 서술형 평가 대비 특강,변창현 선생님,3학년,127명,EBS 중학 수학 마스터 개념(알파) 3..,중급,365일,0%
EBS 중학 수학 ⓜ포스 유형편1(하),서채은 선생님,1학년,"9,114명",EBS 중학 m포스 유형편 1 (하),중급,280일,100%
중학 수학 마스터 고난도 2-1,서채은 선생님,2학년,"1,722명",EBS 중학 수학 마스터 고난도 Σ(시그마) 2-1,고급,365일,100%
중학 수학 내신대비 기출문제집 3-2 기말고사,김구 선생님,3학년,383명,2023 중학 수학 내신 대비 기출문제집 3-2 기말고..,중급,98일,0%
중학 뉴런 수학3(상)-수행/서술형 평가 대비 특강,서채은 선생님,3학년,86명,EBS 중학 뉴런 수학3 (상),중급,365일,100%
중학 뉴런 수학2(하)-수행/서술형 평가 대비 특강,서채은 선생님,2학년,160명,EBS 중학 뉴런 수학2 (하),중급,365일,0%
[2주면 끝] 김민재의 고1 첫 학평 기선제압,김민재 선생님,3학년,"3,144명",교재없음,입문,45일,0%
중학 수학 내신대비 기출문제집 2-1 중간고사,손석민 선생님,2학년,"2,616명",2023 중학 수학 내신 대비 기출문제집 2-1 중간고..,중급,365일,100%
중학 수능특강 수학 3-개념&필수 유형 문제풀이,서채은 선생님,3학년,73명,중학 수능특강 수학 3,공통,365일,0%
[기본] EBS 중학 뉴런 수학2(상) (문제편),서채은 선생님,2학년,"21,385명",EBS 중학 뉴런 수학2 (상),중급,95일,99%
중학 수학 마스터 개념 α(알파) 2-2 : 서술형 평가 대비 특강,변창현 선생님,2학년,253명,EBS 중학 수학 마스터 개념(알파) 2-2,중급,365일,0%
EBS 중학 수학 ⓜ포스 유형편1(상),서채은 선생님,1학년,"19,210명",EBS 중학 m포스 유형편 1 (상),중상,280일,98%
EBS 중학 수학 ⓜ포스 마스터편2(하),서채은 선생님,2학년,"4,666명",EBS 중학 m포스 마스터편 2 (하),고급,280일,100%
중학 수학 내신대비 기출문제집 1-1 기말고사,최은정 선생님,1학년,872명,2023 중학 수학 내신 대비 기출문제집 1-1 기말고..,중급,365일,100%
중학 뉴런 수학3(하)-수행/서술형 평가 대비 특강,서채은 선생님,3학년,96명,EBS 중학 뉴런 수학3 (하),중급,365일,0%
중학 수학 내신대비 기출문제집 2-1 기말고사,손석민 선생님,2학년,"1,486명",2023 중학 수학 내신 대비 기출문제집 2-1 기말고..,중급,365일,100%
[30일 수학] (3) 그래프와 자료정리! 우리의 8일♥,박자영 선생님,3학년,"2,781명",EBS 중학 30일 수학(상),입문,28일,0%
중학 수학 마스터 유형 3-2,서지나 선생님,3학년,"1,561명",EBS 중학 수학 마스터 유형(베타) 3-2,중급,365일,0%
중학 수학 마스터 개념 α(알파) 3-1 : 서술형 평가 대비 특강,변창현 선생님,3학년,92명,EBS 중학 수학 마스터 개념(알파) 3..,중급,365일,0%
중학 수학 마스터 고난도 Σ(시그마) 2-1 : 수행평가 대비 특강,최은정 선생님,2학년,81명,EBS 중학 수학 마스터 고난도 Σ(시그마) 2-1,중급,365일,0%
EBS 중학 수학 ⓜ포스 마스터편1(상),손석민 선생님,1학년,"12,523명",EBS 중학 m포스 마스터편 1 (상),고급,280일,98%
EBS 중학 수학 ⓜ포스 유형편2(하),전미정 선생님,2학년,"7,577명",EBS 중학 m포스 유형편 2 (하),중급,280일,98%
중학 수학 마스터 연산 3-1,김구 선생님,3학년,993명,EBS 중학 수학 마스터 연산 ε(엡실론) 3-1,입문,365일,100%
중학 수학 마스터 개념 α(알파) 2-1 : 서술형 평가 대비 특강,변창현 선생님,2학년,150명,EBS 중학 수학 마스터 개념(알파) 2..,중급,365일,100%
중학 수능특강 수학 2-개념&필수 유형 문제풀이,서채은 선생님,2학년,72명,중학 수능특강 수학 2,공통,365일,0%
중학 뉴런 수학2(상)-수행/서술형 평가 대비 특강,서채은 선생님,2학년,117명,EBS 중학 뉴런 수학2 (상),중급,365일,100%
배움너머 - 수학,EBS 선생님,공통,"7,765명",교재없음,공통,365일,99%
중학 수학 내신대비 기출문제집 3-2 중간고사,김구 선생님,3학년,566명,2023 중학 수학 내신 대비 기출문제집 3-2 중간고..,중급,98일,100%
중학 수학 마스터 고난도 3-1,서영란 선생님,3학년,958명,EBS 중학 수학 마스터 고난도 Σ(시그마) 3-1,고급,365일,100%
중학 수학 마스터 고난도 Σ(시그마) 2-2 : 수행평가 대비 특강,최은정 선생님,2학년,62명,EBS 중학 수학 마스터 고난도 Σ(시그마..,중급,365일,0%
EBS 라이브 특강 - 중학 내신 SOS,"손석민, 강용철 선생님",공통,"20,091명",교재없음,입문,2일,100%
중학 수학 마스터 연산 3-2,김구 선생님,3학년,461명,EBS 중학 수학 마스터 연산 ε(엡실론)..,입문,126일,100%
중학 수학 내신대비 기출문제집 3-1 기말고사,김구 선생님,3학년,537명,2023 중학 수학 내신 대비 기출문제집 3-1 기말고..,중급,365일,0%
EBS 중학 수학 ⓜ포스 유형편2(상),전미정 선생님,2학년,"11,964명",EBS 중학 m포스 유형편 2 (상),중급,280일,99%
중학 수학 마스터 고난도 Σ(시그마) 3-2 : 수행평가 대비 특강,김구 선생님,3학년,32명,EBS 중학 수학 마스터 고난도 Σ(시그마..,중급,365일,0%
EBS 중학 수학 ⓜ포스 마스터편2(상),서채은 선생님,2학년,"7,268명",EBS 중학 m포스 마스터편 2 (상),고급,280일,99%
중학 수학 마스터 고난도 Σ(시그마) 3-1 : 수행평가 대비 특강,김구 선생님,3학년,24명,EBS 중학 수학 마스터 고난도 Σ(시그마) 3-1,중급,365일,0%
중학 수학 내신대비 기출문제집 3-1 중간고사,김구 선생님,3학년,969명,2023 중학 수학 내신 대비 기출문제집 3-1 중간고..,중급,365일,100%
